"var_names","is_consequence","group","group_color"
"ABCC4",1,"Other","A9EBA9"
"ABHD17B",1,"Other","A9EBA9"
"ABI3",1,"Other","A9EBA9"
"AC000089.1",1,"Other","A9EBA9"
"AC002467.1",1,"Other","A9EBA9"
"AC005840.1",1,"Other","A9EBA9"
"AC005912.1",0,"TF","F0C69C"
"AC007161.1",1,"Other","A9EBA9"
"AC007881.4",1,"Other","A9EBA9"
"AC009362.1",0,"TF","F0C69C"
"AC010997.6",1,"Other","A9EBA9"
"AC011495.1",1,"Other","A9EBA9"
"AC016596.3",1,"Other","A9EBA9"
"AC018738.1",0,"TF","F0C69C"
"AC022210.1",1,"Other","A9EBA9"
"AC023906.1",1,"Other","A9EBA9"
"AC025040.1",1,"Other","A9EBA9"
"AC025181.1",0,"TF","F0C69C"
"AC025458.1",1,"Other","A9EBA9"
"AC026310.2",1,"Other","A9EBA9"
"AC026403.1",1,"Other","A9EBA9"
"AC027309.2",0,"TF","F0C69C"
"AC068631.4",1,"Other","A9EBA9"
"AC073548.1",1,"Other","A9EBA9"
"AC073861.1",1,"Other","A9EBA9"
"AC079250.1",0,"TF","F0C69C"
"AC090498.1",1,"Other","A9EBA9"
"AC090559.1",1,"Other","A9EBA9"
"AC092428.1",1,"Other","A9EBA9"
"AC097658.2",0,"TF","F0C69C"
"AC099560.2",1,"Other","A9EBA9"
"AC107075.1",1,"Other","A9EBA9"
"AC107983.1",0,"TF","F0C69C"
"AC122688.4",1,"Other","A9EBA9"
"AC131235.2",1,"Other","A9EBA9"
"AC135983.3",1,"Other","A9EBA9"
"ACAA1",1,"Other","A9EBA9"
"ACP3",1,"Other","A9EBA9"
"ACTBP2",1,"Other","A9EBA9"
"AGPAT3",1,"Other","A9EBA9"
"AGTRAP",1,"Other","A9EBA9"
"AIP",1,"Other","A9EBA9"
"AKR1B1",1,"Other","A9EBA9"
"AL009174.1",1,"Other","A9EBA9"
"AL021368.2",1,"Other","A9EBA9"
"AL031714.1",1,"Other","A9EBA9"
"AL031727.1",0,"TF","F0C69C"
"AL031729.1",1,"Other","A9EBA9"
"AL121601.1",1,"Other","A9EBA9"
"AL138785.2",0,"TF","F0C69C"
"AL139100.2",1,"Other","A9EBA9"
"AL139353.3",1,"Other","A9EBA9"
"AL157871.3",1,"Other","A9EBA9"
"AL157895.2",1,"Other","A9EBA9"
"AL161787.1",0,"TF","F0C69C"
"AL162151.2",1,"Other","A9EBA9"
"AL355472.1",1,"Other","A9EBA9"
"AL355922.1",1,"Other","A9EBA9"
"AL356000.1",1,"Other","A9EBA9"
"AL356653.1",1,"Other","A9EBA9"
"AL358472.1",1,"Other","A9EBA9"
"AL445189.2",0,"TF","F0C69C"
"AL450405.1",0,"TF","F0C69C"
"AL450998.1",1,"Other","A9EBA9"
"AL589863.1",1,"Other","A9EBA9"
"AL590556.1",0,"TF","F0C69C"
"AL590867.2",0,"TF","F0C69C"
"AL592295.1",1,"Other","A9EBA9"
"AL603825.1",1,"Other","A9EBA9"
"AL731557.1",1,"Other","A9EBA9"
"ALCAM",1,"Other","A9EBA9"
"ALDH1A1",1,"Other","A9EBA9"
"ANAPC11",1,"Other","A9EBA9"
"ANAPC15",1,"Other","A9EBA9"
"ANK1",1,"Other","A9EBA9"
"ANKRD18A",1,"Other","A9EBA9"
"ANOS2P",1,"Other","A9EBA9"
"ANTKMT",1,"Other","A9EBA9"
"ANXA2P3",1,"Other","A9EBA9"
"AP002761.4",1,"Other","A9EBA9"
"AP1B1",1,"Other","A9EBA9"
"AP2B1",1,"Other","A9EBA9"
"APOBEC3B",1,"Other","A9EBA9"
"APOBEC3C",1,"Other","A9EBA9"
"APOL6",1,"Other","A9EBA9"
"ARHGEF12",1,"Other","A9EBA9"
"ARL11",1,"Other","A9EBA9"
"ARL4C",1,"Other","A9EBA9"
"ASIC4",1,"Other","A9EBA9"
"ATG3",1,"Other","A9EBA9"
"ATOX1",1,"Other","A9EBA9"
"ATP2B1",1,"Other","A9EBA9"
"ATP5F1C",1,"Other","A9EBA9"
"ATP5F1D",1,"Other","A9EBA9"
"ATP5F1E",1,"Other","A9EBA9"
"ATP5IF1",1,"Other","A9EBA9"
"ATP5MC1",1,"Other","A9EBA9"
"ATP5MD",1,"Other","A9EBA9"
"ATP5ME",1,"Other","A9EBA9"
"ATP5MPL",1,"Other","A9EBA9"
"ATP5PF",1,"Other","A9EBA9"
"ATP6V0A1",1,"Other","A9EBA9"
"ATP8B4",1,"Other","A9EBA9"
"AURKAIP1",1,"Other","A9EBA9"
"AVPR1B",1,"Other","A9EBA9"
"AZU1",1,"Other","A9EBA9"
"B2M",1,"Other","A9EBA9"
"B9D1",1,"Other","A9EBA9"
"BAALC",1,"Other","A9EBA9"
"BAHCC1",1,"Other","A9EBA9"
"BBX",1,"Other","A9EBA9"
"BCAT2",1,"Other","A9EBA9"
"BCL2L1",1,"Other","A9EBA9"
"BCLAF1",1,"Other","A9EBA9"
"BLVRB",1,"Other","A9EBA9"
"BOD1L1",0,"TF","F0C69C"
"BPTF",1,"Other","A9EBA9"
"BST2",1,"Other","A9EBA9"
"BX842570.1",1,"Other","A9EBA9"
"C19orf53",1,"Other","A9EBA9"
"C1orf162",1,"Other","A9EBA9"
"C1QBP",1,"Other","A9EBA9"
"C1QTNF4",0,"TF","F0C69C"
"CARD11",1,"Other","A9EBA9"
"CASP1",1,"Other","A9EBA9"
"CASP3",1,"Other","A9EBA9"
"CAVIN1",1,"Other","A9EBA9"
"CAVIN2",0,"TF","F0C69C"
"CCDC28B",0,"TF","F0C69C"
"CCND2",1,"Other","A9EBA9"
"CCT3",1,"Other","A9EBA9"
"CCT4",1,"Other","A9EBA9"
"CCT5",1,"Other","A9EBA9"
"CCT7",1,"Other","A9EBA9"
"CCT8",1,"Other","A9EBA9"
"CD48",1,"Other","A9EBA9"
"CD81",1,"Other","A9EBA9"
"CD82",1,"Other","A9EBA9"
"CD84",1,"Other","A9EBA9"
"CD93",1,"Other","A9EBA9"
"CD96",1,"Other","A9EBA9"
"CDC26",1,"Other","A9EBA9"
"CEACAM4",1,"Other","A9EBA9"
"CEBPD",0,"TF","F0C69C"
"CENPX",1,"Other","A9EBA9"
"CHCHD1",1,"Other","A9EBA9"
"CHCHD2",1,"Other","A9EBA9"
"CHCHD7",1,"Other","A9EBA9"
"CIAO2B",1,"Other","A9EBA9"
"CILP2",1,"Other","A9EBA9"
"CITED2",1,"Other","A9EBA9"
"CITED4",1,"Other","A9EBA9"
"CKB",1,"Other","A9EBA9"
"CKS2",1,"Other","A9EBA9"
"CLCN4",1,"Other","A9EBA9"
"CLPP",1,"Other","A9EBA9"
"CLU",0,"TF","F0C69C"
"CMC1",1,"Other","A9EBA9"
"CMPK2",1,"Other","A9EBA9"
"CNBP",1,"Other","A9EBA9"
"CNRIP1",0,"TF","F0C69C"
"COPS9",1,"Other","A9EBA9"
"COX14",1,"Other","A9EBA9"
"COX17",1,"Other","A9EBA9"
"COX5A",1,"Other","A9EBA9"
"COX5B",1,"Other","A9EBA9"
"COX6A1",1,"Other","A9EBA9"
"COX6B1",1,"Other","A9EBA9"
"COX6C",1,"Other","A9EBA9"
"COX7A2",1,"Other","A9EBA9"
"COX7B",1,"Other","A9EBA9"
"COX7C",1,"Other","A9EBA9"
"COX7CP1",1,"Other","A9EBA9"
"COX8A",1,"Other","A9EBA9"
"CPA3",1,"Other","A9EBA9"
"CPD",1,"Other","A9EBA9"
"CPOX",1,"Other","A9EBA9"
"CPPED1",1,"Other","A9EBA9"
"CRLF3",1,"Other","A9EBA9"
"CRYBG1",0,"TF","F0C69C"
"CSF2RB",0,"TF","F0C69C"
"CSF3R",0,"TF","F0C69C"
"CSKMT",1,"Other","A9EBA9"
"CST7",1,"Other","A9EBA9"
"CSTA",1,"Other","A9EBA9"
"CTNNBL1",1,"Other","A9EBA9"
"CTSG",0,"TF","F0C69C"
"CTTNBP2",0,"TF","F0C69C"
"CTU1",1,"Other","A9EBA9"
"CYBA",1,"Other","A9EBA9"
"CYC1",1,"Other","A9EBA9"
"DAD1",1,"Other","A9EBA9"
"DAG1",1,"Other","A9EBA9"
"DDX3Y",0,"TF","F0C69C"
"DENND3",1,"Other","A9EBA9"
"DLK1",1,"Other","A9EBA9"
"DMTN",1,"Other","A9EBA9"
"DNAJC19",1,"Other","A9EBA9"
"DNAJC21",1,"Other","A9EBA9"
"DNAJC6",0,"TF","F0C69C"
"DOCK8",1,"Other","A9EBA9"
"DPM3",1,"Other","A9EBA9"
"DRG1",1,"Other","A9EBA9"
"DST",1,"Other","A9EBA9"
"DSTN",1,"Other","A9EBA9"
"DUSP3",1,"Other","A9EBA9"
"DYSF",1,"Other","A9EBA9"
"EEF1B2",1,"Other","A9EBA9"
"EEF1B2P6",1,"Other","A9EBA9"
"EEF1D",1,"Other","A9EBA9"
"EEF1DP1",1,"Other","A9EBA9"
"EEF1GP5",1,"Other","A9EBA9"
"EIF1AY",0,"TF","F0C69C"
"EIF3G",1,"Other","A9EBA9"
"EIF3K",1,"Other","A9EBA9"
"EIF4A1P4",1,"Other","A9EBA9"
"EIF4EBP1",1,"Other","A9EBA9"
"EIF4H",1,"Other","A9EBA9"
"ELANE",0,"TF","F0C69C"
"ELOB",1,"Other","A9EBA9"
"ELOC",1,"Other","A9EBA9"
"EMB",1,"Other","A9EBA9"
"EMC4",1,"Other","A9EBA9"
"EMC6",1,"Other","A9EBA9"
"EMILIN2",1,"Other","A9EBA9"
"EMP1",1,"Other","A9EBA9"
"EMP3",0,"TF","F0C69C"
"ENDOG",1,"Other","A9EBA9"
"EPB41L3",1,"Other","A9EBA9"
"EPOR",1,"Other","A9EBA9"
"ERH",1,"Other","A9EBA9"
"ERO1A",1,"Other","A9EBA9"
"ESAM",0,"TF","F0C69C"
"EZR",1,"Other","A9EBA9"
"F2RL3",1,"Other","A9EBA9"
"FAM107B",0,"TF","F0C69C"
"FAM160B1",1,"Other","A9EBA9"
"FAM171A1",1,"Other","A9EBA9"
"FAM83F",1,"Other","A9EBA9"
"FBLN2",0,"TF","F0C69C"
"FBN2",0,"TF","F0C69C"
"FCER1A",0,"TF","F0C69C"
"FGFR1",1,"Other","A9EBA9"
"FHL2",1,"Other","A9EBA9"
"FHOD1",1,"Other","A9EBA9"
"FNDC3B",1,"Other","A9EBA9"
"FP671120.7",1,"Other","A9EBA9"
"FP671120.8",1,"Other","A9EBA9"
"FPR2",1,"Other","A9EBA9"
"FREM1",0,"TF","F0C69C"
"FRG1EP",1,"Other","A9EBA9"
"FTH1",0,"TF","F0C69C"
"FTH1P1",1,"Other","A9EBA9"
"FTH1P2",1,"Other","A9EBA9"
"FTL",1,"Other","A9EBA9"
"FUT4",1,"Other","A9EBA9"
"GADD45GIP1",1,"Other","A9EBA9"
"GALNT10",1,"Other","A9EBA9"
"GAPDH",1,"Other","A9EBA9"
"GAPDHP40",1,"Other","A9EBA9"
"GAPDHP64",1,"Other","A9EBA9"
"GAPDHP72",0,"TF","F0C69C"
"GAR1",1,"Other","A9EBA9"
"GART",1,"Other","A9EBA9"
"GAS5",0,"TF","F0C69C"
"GAS7",1,"Other","A9EBA9"
"GATA1",0,"TF","F0C69C"
"GATA2",0,"TF","F0C69C"
"GBP2",1,"Other","A9EBA9"
"GCSAML",1,"Other","A9EBA9"
"GET3",1,"Other","A9EBA9"
"GFI1",0,"TF","F0C69C"
"GFI1B",0,"TF","F0C69C"
"GLIPR1",0,"TF","F0C69C"
"GLOD5",1,"Other","A9EBA9"
"GMPR",1,"Other","A9EBA9"
"GNG5",1,"Other","A9EBA9"
"GNL3",1,"Other","A9EBA9"
"GOLGA4",1,"Other","A9EBA9"
"GOLGB1",1,"Other","A9EBA9"
"GPR160",1,"Other","A9EBA9"
"GPR85",1,"Other","A9EBA9"
"GPX1P1",1,"Other","A9EBA9"
"GPX4",1,"Other","A9EBA9"
"GRAMD1B",1,"Other","A9EBA9"
"GRAP2",0,"TF","F0C69C"
"GRWD1",1,"Other","A9EBA9"
"GSN",1,"Other","A9EBA9"
"GTF2H2",1,"Other","A9EBA9"
"GTF3C2",1,"Other","A9EBA9"
"GTF3C6",1,"Other","A9EBA9"
"GTSF1",1,"Other","A9EBA9"
"GUCD1",1,"Other","A9EBA9"
"GUK1",1,"Other","A9EBA9"
"HACD1",1,"Other","A9EBA9"
"HAL",1,"Other","A9EBA9"
"HBB",1,"Other","A9EBA9"
"HBD",0,"TF","F0C69C"
"HBQ1",1,"Other","A9EBA9"
"HCST",1,"Other","A9EBA9"
"HDC",1,"Other","A9EBA9"
"HEMGN",1,"Other","A9EBA9"
"HGF",1,"Other","A9EBA9"
"HIP1",1,"Other","A9EBA9"
"HLA-C",0,"TF","F0C69C"
"HLA-DQA2",1,"Other","A9EBA9"
"HLA-DQB1",0,"TF","F0C69C"
"HLA-DRB6",1,"Other","A9EBA9"
"HLX",1,"Other","A9EBA9"
"HMGB3P6",1,"Other","A9EBA9"
"HMGN2",1,"Other","A9EBA9"
"HNRNPM",1,"Other","A9EBA9"
"HOPX",1,"Other","A9EBA9"
"HPGDS",0,"TF","F0C69C"
"HSBP1",1,"Other","A9EBA9"
"HSP90AA1",1,"Other","A9EBA9"
"HSP90AB1",1,"Other","A9EBA9"
"HSP90B1",1,"Other","A9EBA9"
"HSPB1P1",1,"Other","A9EBA9"
"HYAL3",1,"Other","A9EBA9"
"ICAM2",1,"Other","A9EBA9"
"ICAM5",1,"Other","A9EBA9"
"IDH3G",1,"Other","A9EBA9"
"IFITM2",0,"TF","F0C69C"
"IFITM3P1",0,"TF","F0C69C"
"IGF2BP1",1,"Other","A9EBA9"
"IGFBP2",1,"Other","A9EBA9"
"IGFBP4",0,"TF","F0C69C"
"IGHM",1,"Other","A9EBA9"
"IGLL1",1,"Other","A9EBA9"
"IL17RA",1,"Other","A9EBA9"
"IL1RL1",1,"Other","A9EBA9"
"IL6R",0,"TF","F0C69C"
"INKA1",1,"Other","A9EBA9"
"IRAK3",1,"Other","A9EBA9"
"IRF8",0,"TF","F0C69C"
"ISOC2",1,"Other","A9EBA9"
"ITGA2B",0,"TF","F0C69C"
"ITGAE",1,"Other","A9EBA9"
"ITM2A",0,"TF","F0C69C"
"JAKMIP2",1,"Other","A9EBA9"
"JAML",1,"Other","A9EBA9"
"KCNE3",1,"Other","A9EBA9"
"KCNH2",0,"TF","F0C69C"
"KCNK6",1,"Other","A9EBA9"
"KDM5D",0,"TF","F0C69C"
"KEL",0,"TF","F0C69C"
"KIAA0319L",1,"Other","A9EBA9"
"KIAA0930",1,"Other","A9EBA9"
"KLF1",0,"TF","F0C69C"
"KLHDC8B",1,"Other","A9EBA9"
"KRTCAP2",1,"Other","A9EBA9"
"KTN1",1,"Other","A9EBA9"
"KXD1",1,"Other","A9EBA9"
"LAGE3",1,"Other","A9EBA9"
"LAMTOR2",1,"Other","A9EBA9"
"LAMTOR4",1,"Other","A9EBA9"
"LAMTOR5P1",1,"Other","A9EBA9"
"LAT2",1,"Other","A9EBA9"
"LDB1",1,"Other","A9EBA9"
"LEF1",1,"Other","A9EBA9"
"LEF1-AS1",1,"Other","A9EBA9"
"LINC00884",1,"Other","A9EBA9"
"LINC00926",0,"TF","F0C69C"
"LINC01515",1,"Other","A9EBA9"
"LINC02242",1,"Other","A9EBA9"
"LIPE",1,"Other","A9EBA9"
"LITAF",1,"Other","A9EBA9"
"LMNA",1,"Other","A9EBA9"
"LMO4",1,"Other","A9EBA9"
"LPAR5",0,"TF","F0C69C"
"LPO",1,"Other","A9EBA9"
"LSM10",1,"Other","A9EBA9"
"LSM4",1,"Other","A9EBA9"
"LSM5",1,"Other","A9EBA9"
"LSM7",1,"Other","A9EBA9"
"LSP1",1,"Other","A9EBA9"
"LST1",1,"Other","A9EBA9"
"LTBP1",1,"Other","A9EBA9"
"LXN",1,"Other","A9EBA9"
"LY86",1,"Other","A9EBA9"
"LYL1",1,"Other","A9EBA9"
"LYST",1,"Other","A9EBA9"
"LYZ",1,"Other","A9EBA9"
"MAD2L2",1,"Other","A9EBA9"
"MANF",1,"Other","A9EBA9"
"MAP2K2",1,"Other","A9EBA9"
"MARCKS",1,"Other","A9EBA9"
"MCM3",1,"Other","A9EBA9"
"MDH2",1,"Other","A9EBA9"
"MED12L",1,"Other","A9EBA9"
"MEF2C",1,"Other","A9EBA9"
"MEIS1",1,"Other","A9EBA9"
"METTL26",1,"Other","A9EBA9"
"MEX3B",0,"TF","F0C69C"
"MFSD14A",1,"Other","A9EBA9"
"MGAT3",1,"Other","A9EBA9"
"MICAL2",1,"Other","A9EBA9"
"MICOS13",1,"Other","A9EBA9"
"MINPP1",0,"TF","F0C69C"
"MIR1244-2",1,"Other","A9EBA9"
"MIR1244-3",1,"Other","A9EBA9"
"MIR924HG",1,"Other","A9EBA9"
"MNDA",0,"TF","F0C69C"
"MPDU1",1,"Other","A9EBA9"
"MPIG6B",1,"Other","A9EBA9"
"MPO",0,"TF","F0C69C"
"MPP1",1,"Other","A9EBA9"
"MROCKI",1,"Other","A9EBA9"
"MRTFA",1,"Other","A9EBA9"
"MS4A3",1,"Other","A9EBA9"
"MS4A6A",1,"Other","A9EBA9"
"MT2A",1,"Other","A9EBA9"
"MTARC1",1,"Other","A9EBA9"
"MTATP8P1",1,"Other","A9EBA9"
"MTCH2",1,"Other","A9EBA9"
"MTCO1P40",1,"Other","A9EBA9"
"MTCO2P12",1,"Other","A9EBA9"
"MTCO2P22",1,"Other","A9EBA9"
"MTCYBP18",0,"TF","F0C69C"
"MTLN",1,"Other","A9EBA9"
"MTRNR2L1",0,"TF","F0C69C"
"MTRNR2L10",0,"TF","F0C69C"
"MTRNR2L12",0,"TF","F0C69C"
"MTRNR2L8",1,"Other","A9EBA9"
"MTSS1",1,"Other","A9EBA9"
"MYDGF",1,"Other","A9EBA9"
"MYH10",1,"Other","A9EBA9"
"MYL4",1,"Other","A9EBA9"
"MYO18A",1,"Other","A9EBA9"
"MYO1B",1,"Other","A9EBA9"
"MZB1",1,"Other","A9EBA9"
"MZT2A",1,"Other","A9EBA9"
"MZT2B",0,"TF","F0C69C"
"NAA38",1,"Other","A9EBA9"
"NACA3P",1,"Other","A9EBA9"
"NAP1L1",1,"Other","A9EBA9"
"NBEAL1",1,"Other","A9EBA9"
"NBPF3",1,"Other","A9EBA9"
"NCBP2AS2",1,"Other","A9EBA9"
"NDUFA1",1,"Other","A9EBA9"
"NDUFA12",1,"Other","A9EBA9"
"NDUFA2",1,"Other","A9EBA9"
"NDUFA3",1,"Other","A9EBA9"
"NDUFA4",1,"Other","A9EBA9"
"NDUFA5P11",1,"Other","A9EBA9"
"NDUFA6",1,"Other","A9EBA9"
"NDUFAB1",0,"TF","F0C69C"
"NDUFB1",1,"Other","A9EBA9"
"NDUFB11",1,"Other","A9EBA9"
"NDUFB1P1",0,"TF","F0C69C"
"NDUFB3",1,"Other","A9EBA9"
"NDUFB4",1,"Other","A9EBA9"
"NDUFB5",1,"Other","A9EBA9"
"NDUFB6",1,"Other","A9EBA9"
"NDUFB7",1,"Other","A9EBA9"
"NDUFB8P2",1,"Other","A9EBA9"
"NDUFS5P3",1,"Other","A9EBA9"
"NDUFS6",1,"Other","A9EBA9"
"NDUFS7",1,"Other","A9EBA9"
"NDUFS8",1,"Other","A9EBA9"
"NEDD8P1",1,"Other","A9EBA9"
"NENF",1,"Other","A9EBA9"
"NETO2",1,"Other","A9EBA9"
"NFIB",1,"Other","A9EBA9"
"NKD2",1,"Other","A9EBA9"
"NKG7",1,"Other","A9EBA9"
"NME2",1,"Other","A9EBA9"
"NME2P1",1,"Other","A9EBA9"
"NOG",1,"Other","A9EBA9"
"NOL4L",1,"Other","A9EBA9"
"NOLC1",1,"Other","A9EBA9"
"NOP10",1,"Other","A9EBA9"
"NT5DC2",1,"Other","A9EBA9"
"NTHL1",1,"Other","A9EBA9"
"NTRK1",1,"Other","A9EBA9"
"NUP93",1,"Other","A9EBA9"
"OCIAD2",1,"Other","A9EBA9"
"OST4",1,"Other","A9EBA9"
"P2RY2",1,"Other","A9EBA9"
"PAIP2",1,"Other","A9EBA9"
"PARK7",1,"Other","A9EBA9"
"PARP8",1,"Other","A9EBA9"
"PCYT1B",1,"Other","A9EBA9"
"PDCD5",1,"Other","A9EBA9"
"PDCD5P1",1,"Other","A9EBA9"
"PDE3B",1,"Other","A9EBA9"
"PDE4D",1,"Other","A9EBA9"
"PDLIM1",1,"Other","A9EBA9"
"PDXP",1,"Other","A9EBA9"
"PFDN5",1,"Other","A9EBA9"
"PFN1",1,"Other","A9EBA9"
"PFN1P1",1,"Other","A9EBA9"
"PHB",1,"Other","A9EBA9"
"PHPT1",1,"Other","A9EBA9"
"PIMREG",1,"Other","A9EBA9"
"PIN4P1",1,"Other","A9EBA9"
"PIP5K1B",1,"Other","A9EBA9"
"PKIG",0,"TF","F0C69C"
"PLAC8",1,"Other","A9EBA9"
"PLIN2",1,"Other","A9EBA9"
"PLPPR3",1,"Other","A9EBA9"
"PNISR",1,"Other","A9EBA9"
"PNMT",0,"TF","F0C69C"
"POLR2F",1,"Other","A9EBA9"
"POLR2G",1,"Other","A9EBA9"
"POLR2H",1,"Other","A9EBA9"
"POLR2J",1,"Other","A9EBA9"
"POLR2L",1,"Other","A9EBA9"
"POMP",1,"Other","A9EBA9"
"PPIB",1,"Other","A9EBA9"
"PPIP5K2",1,"Other","A9EBA9"
"PPM1H",1,"Other","A9EBA9"
"PPP1R14A",0,"TF","F0C69C"
"PRADC1",1,"Other","A9EBA9"
"PRAM1",0,"TF","F0C69C"
"PRDX1",1,"Other","A9EBA9"
"PRELID1",1,"Other","A9EBA9"
"PRKX",1,"Other","A9EBA9"
"PRKY",0,"TF","F0C69C"
"PRMT1",1,"Other","A9EBA9"
"PRSS21",0,"TF","F0C69C"
"PRSS23",1,"Other","A9EBA9"
"PRTN3",1,"Other","A9EBA9"
"PSMA6",1,"Other","A9EBA9"
"PSMB1",1,"Other","A9EBA9"
"PSMB3",1,"Other","A9EBA9"
"PSMB5",1,"Other","A9EBA9"
"PSMB6",1,"Other","A9EBA9"
"PSMC3",1,"Other","A9EBA9"
"PSMC4",1,"Other","A9EBA9"
"PSMC5",1,"Other","A9EBA9"
"PSMD1",1,"Other","A9EBA9"
"PSMD4",1,"Other","A9EBA9"
"PSME2",1,"Other","A9EBA9"
"PSME3",1,"Other","A9EBA9"
"PTAFR",1,"Other","A9EBA9"
"PTGER3",1,"Other","A9EBA9"
"PTGS1",1,"Other","A9EBA9"
"PTMAP2",1,"Other","A9EBA9"
"PTTG1",1,"Other","A9EBA9"
"PTTG2",1,"Other","A9EBA9"
"PXK",1,"Other","A9EBA9"
"RAB27A",1,"Other","A9EBA9"
"RAB27B",1,"Other","A9EBA9"
"RAB31",1,"Other","A9EBA9"
"RAB32",1,"Other","A9EBA9"
"RAB44",1,"Other","A9EBA9"
"RAB5IF",1,"Other","A9EBA9"
"RAB6B",1,"Other","A9EBA9"
"RAB7B",1,"Other","A9EBA9"
"RAN",1,"Other","A9EBA9"
"RBIS",1,"Other","A9EBA9"
"RBM25",1,"Other","A9EBA9"
"RECQL4",1,"Other","A9EBA9"
"REEP4",1,"Other","A9EBA9"
"RFX8",1,"Other","A9EBA9"
"RFXANK",1,"Other","A9EBA9"
"RHAG",1,"Other","A9EBA9"
"RHEX",0,"TF","F0C69C"
"RHOQ",1,"Other","A9EBA9"
"RIPOR3",0,"TF","F0C69C"
"RMRP",1,"Other","A9EBA9"
"RNASE2",0,"TF","F0C69C"
"RNASE3",0,"TF","F0C69C"
"RND2",1,"Other","A9EBA9"
"RNF181",1,"Other","A9EBA9"
"RNY3P8",1,"Other","A9EBA9"
"ROCK1",1,"Other","A9EBA9"
"ROMO1",1,"Other","A9EBA9"
"RPA3",1,"Other","A9EBA9"
"RUVBL2",1,"Other","A9EBA9"
"S100A11",1,"Other","A9EBA9"
"S100A4",1,"Other","A9EBA9"
"S100A6",0,"TF","F0C69C"
"S100Z",1,"Other","A9EBA9"
"SAP18",1,"Other","A9EBA9"
"SBF2",1,"Other","A9EBA9"
"SCAF1",1,"Other","A9EBA9"
"SDHB",1,"Other","A9EBA9"
"SDHC",1,"Other","A9EBA9"
"SEC61G",1,"Other","A9EBA9"
"SELENOH",1,"Other","A9EBA9"
"SEMA7A",1,"Other","A9EBA9"
"SERF2",1,"Other","A9EBA9"
"SERPINB1",1,"Other","A9EBA9"
"SERPINB10",1,"Other","A9EBA9"
"SERPINE2",1,"Other","A9EBA9"
"SF3A1",1,"Other","A9EBA9"
"SF3B5",1,"Other","A9EBA9"
"SGTA",1,"Other","A9EBA9"
"SH3BGRL3",1,"Other","A9EBA9"
"SH3GL1",1,"Other","A9EBA9"
"SH3TC1",1,"Other","A9EBA9"
"SIGLEC10",1,"Other","A9EBA9"
"SIGLEC14",1,"Other","A9EBA9"
"SIRPB2",1,"Other","A9EBA9"
"SIVA1",1,"Other","A9EBA9"
"SLC16A7",1,"Other","A9EBA9"
"SLC22A4",1,"Other","A9EBA9"
"SLC27A5",1,"Other","A9EBA9"
"SLC2A5",1,"Other","A9EBA9"
"SLC36A4",1,"Other","A9EBA9"
"SLC40A1",0,"TF","F0C69C"
"SLC44A2",1,"Other","A9EBA9"
"SLCO4C1",1,"Other","A9EBA9"
"SLIRP",1,"Other","A9EBA9"
"SLK",1,"Other","A9EBA9"
"SMIM1",1,"Other","A9EBA9"
"SMIM24",1,"Other","A9EBA9"
"SMIM3",1,"Other","A9EBA9"
"SMIM4",1,"Other","A9EBA9"
"SNF8",1,"Other","A9EBA9"
"SNHG25",0,"TF","F0C69C"
"SNHG6",1,"Other","A9EBA9"
"SNHG9",1,"Other","A9EBA9"
"SNRPC",1,"Other","A9EBA9"
"SNRPD2",1,"Other","A9EBA9"
"SNRPF",1,"Other","A9EBA9"
"SNRPG",1,"Other","A9EBA9"
"SNRPGP2",1,"Other","A9EBA9"
"SORBS1",1,"Other","A9EBA9"
"SPATA20",1,"Other","A9EBA9"
"SPINK2",1,"Other","A9EBA9"
"SPNS2",1,"Other","A9EBA9"
"SPNS3",1,"Other","A9EBA9"
"SPON2",1,"Other","A9EBA9"
"SPTA1",1,"Other","A9EBA9"
"SPTAN1",1,"Other","A9EBA9"
"SQOR",1,"Other","A9EBA9"
"SREK1",1,"Other","A9EBA9"
"SRGN",0,"TF","F0C69C"
"SRSF9",1,"Other","A9EBA9"
"ST3GAL3",1,"Other","A9EBA9"
"ST8SIA6",0,"TF","F0C69C"
"ST8SIA6-AS1",1,"Other","A9EBA9"
"STAB1",1,"Other","A9EBA9"
"STAM",1,"Other","A9EBA9"
"STMP1",1,"Other","A9EBA9"
"STON2",0,"TF","F0C69C"
"STX3",1,"Other","A9EBA9"
"STX8",1,"Other","A9EBA9"
"STXBP5",1,"Other","A9EBA9"
"SUCNR1",0,"TF","F0C69C"
"SUMO1P3",1,"Other","A9EBA9"
"SV2A",1,"Other","A9EBA9"
"SVOPL",1,"Other","A9EBA9"
"SYNGR1",1,"Other","A9EBA9"
"TAFA2",1,"Other","A9EBA9"
"TAL1",1,"Other","A9EBA9"
"TAOK3",1,"Other","A9EBA9"
"TENT5A",1,"Other","A9EBA9"
"TESC",1,"Other","A9EBA9"
"TESPA1",0,"TF","F0C69C"
"TFEC",1,"Other","A9EBA9"
"TFR2",0,"TF","F0C69C"
"THRB",1,"Other","A9EBA9"
"TIMM13",1,"Other","A9EBA9"
"TIMM17A",1,"Other","A9EBA9"
"TIMM8B",1,"Other","A9EBA9"
"TIMP2",1,"Other","A9EBA9"
"TIMP3",0,"TF","F0C69C"
"TLE4",1,"Other","A9EBA9"
"TLR2",1,"Other","A9EBA9"
"TLR4",1,"Other","A9EBA9"
"TMEM123",1,"Other","A9EBA9"
"TMEM160",1,"Other","A9EBA9"
"TMEM258",1,"Other","A9EBA9"
"TMSB4X",1,"Other","A9EBA9"
"TMSB4XP4",1,"Other","A9EBA9"
"TNFRSF19",1,"Other","A9EBA9"
"TNFRSF1B",1,"Other","A9EBA9"
"TNFSF13B",0,"TF","F0C69C"
"TNIK",1,"Other","A9EBA9"
"TOMM22",1,"Other","A9EBA9"
"TOMM40",1,"Other","A9EBA9"
"TOMM5",1,"Other","A9EBA9"
"TOMM7",1,"Other","A9EBA9"
"TOP2B",1,"Other","A9EBA9"
"TP53RK",1,"Other","A9EBA9"
"TPI1",1,"Other","A9EBA9"
"TPI1P1",1,"Other","A9EBA9"
"TPI1P2",1,"Other","A9EBA9"
"TPM1",1,"Other","A9EBA9"
"TPST2",1,"Other","A9EBA9"
"TPT1",1,"Other","A9EBA9"
"TRAPPC2L",1,"Other","A9EBA9"
"TRAPPC5",1,"Other","A9EBA9"
"TRAPPC6A",1,"Other","A9EBA9"
"TREML2",0,"TF","F0C69C"
"TRGC1",1,"Other","A9EBA9"
"TRIAP1",1,"Other","A9EBA9"
"TRIM14",1,"Other","A9EBA9"
"TSC22D1",1,"Other","A9EBA9"
"TSFM",1,"Other","A9EBA9"
"TSN",1,"Other","A9EBA9"
"TSPAN32",1,"Other","A9EBA9"
"TSPO",1,"Other","A9EBA9"
"TSPOAP1",0,"TF","F0C69C"
"TTC7A",1,"Other","A9EBA9"
"TTTY14",0,"TF","F0C69C"
"TUBB2A",1,"Other","A9EBA9"
"TUFM",1,"Other","A9EBA9"
"TXLNGY",0,"TF","F0C69C"
"TXN",1,"Other","A9EBA9"
"TXN2",1,"Other","A9EBA9"
"TXNDC17",1,"Other","A9EBA9"
"UBA52",1,"Other","A9EBA9"
"UBASH3A",1,"Other","A9EBA9"
"UBB",1,"Other","A9EBA9"
"UBE2C",1,"Other","A9EBA9"
"UBE2N",1,"Other","A9EBA9"
"UBE2S",1,"Other","A9EBA9"
"UBE2W",1,"Other","A9EBA9"
"UBL5",1,"Other","A9EBA9"
"UQCRFS1",0,"TF","F0C69C"
"UQCRHP2",1,"Other","A9EBA9"
"UQCRQ",1,"Other","A9EBA9"
"USP25",1,"Other","A9EBA9"
"USP9Y",0,"TF","F0C69C"
"UTY",0,"TF","F0C69C"
"VPS28",1,"Other","A9EBA9"
"WASH5P",1,"Other","A9EBA9"
"WASH7P",0,"TF","F0C69C"
"WDFY1",1,"Other","A9EBA9"
"WDR18",1,"Other","A9EBA9"
"WDR46",1,"Other","A9EBA9"
"WDR60",1,"Other","A9EBA9"
"WNT5B",1,"Other","A9EBA9"
"XACT",0,"TF","F0C69C"
"XIST",0,"TF","F0C69C"
"XRCC2",1,"Other","A9EBA9"
"YBX1P2",1,"Other","A9EBA9"
"YIF1B",1,"Other","A9EBA9"
"Z74021.1",1,"Other","A9EBA9"
"ZBTB16",1,"Other","A9EBA9"
"ZC3H13",1,"Other","A9EBA9"
"ZC3H14",1,"Other","A9EBA9"
"ZFPM1",1,"Other","A9EBA9"
"ZFY",1,"Other","A9EBA9"
"ZKSCAN1",1,"Other","A9EBA9"
"ZMYND8",1,"Other","A9EBA9"
"ZNF385A",1,"Other","A9EBA9"
"ZNF521",1,"Other","A9EBA9"
"ZNRD2",1,"Other","A9EBA9"
"AL590609.2",1,"Other","A9EBA9"
"LINC01806",1,"Other","A9EBA9"
"ZNF215",1,"Other","A9EBA9"
"T1",0,"TF","F0C69C"
"avg_dT2",0,"TF","F0C69C"
"avg_dT3",0,"TF","F0C69C"
"max_var",0,"TF","F0C69C"
"min_var",0,"TF","F0C69C"
"predicted.celltype",0,"TF","F0C69C"
"Colony_size",0,"TF","F0C69C"
"homogeneity",0,"TF","F0C69C"
"n_celltypes",0,"TF","F0C69C"
"exp",0,"TF","F0C69C"
"distance",0,"TF","F0C69C"
